Id;País;1970;1970;1971;1971;1972;1972;1973;1973;1974;1974;1975;1975;1976;1976;1977;1977;1978;1978;1979;1979;1980;1980;1981;1981;1982;1982;1983;1983;1984;1984;1985;1985;1986;1986;1987;1987;1988;1988;1989;1989;1990;1990;1991;1991;1992;1992;1993;1993;1994;1994;1995;1995;1996;1996;1997;1997;1998;1998;1999;1999;2000;2000;2001;2001;2002;2002;2003;2003;2004;2004;2005;2005;2006;2006;2007;2007;2008;2008;2009;2009;2010;2010;2011;2011;2012;2012;2013;2013;2014;2014;2015;2015;2016;2016;2017;2017;2018;2018;2019;2019;2020;2020;2021;2021;2022;2022;2023;2023;2024;2024
1;Africa do Sul; -   ; -   ; -   ; -   ; -   ; -   ; -   ; -   ; -   ; -   ; -   ; -   ; -   ; -   ; -   ; -   ; -   ; -   ; -   ; -   ; -   ; -   ; -   ; -   ; -   ; -   ; -   ; -   ; -   ; -   ; -   ; -   ; -   ; -   ; -   ; -   ; -   ; -   ; -   ; -   ; -   ; -   ; -   ; -   ; -   ; -   ; -   ; -   ; -   ; -   ; -   ; -   ; -   ; -   ; -   ; -   ; -   ; -   ; -   ; -   ; -   ; -   ; 42.661,00 ; 99.201,00 ; 32.194,00 ; 106.317,00 ; 157.239,00 ; 305.701,00 ; 303.489,00 ; 665.101,00 ; 407.413,00 ; 775.421,00 ; 358.870,00 ; 1.164.032,00 ; 386.425,00 ; 1.320.244,00 ; 315.380,00 ; 1.151.699,00 ; 493.093,00 ; 1.931.449,00 ; 966.276,00 ; 3.600.658,00 ; 507.509,00 ; 2.136.394,00 ; 722.327,00 ; 3.041.449,00 ; 475.331,00 ; 1.985.184,00 ; 722.715,00 ; 3.033.932,00 ; 743.335,00 ; 2.996.543,00 ; 578.829,00 ; 1.686.226,00 ; 1.138.732,00 ; 3.241.298,00 ; 1.127.053,00 ; 3.574.371,00 ; 1.092.042,00 ; 3.604.038,00 ; 627.150,00 ; 1.701.072,00 ; 859.169,00 ; 2.508.140,00 ; 738.116,00 ; 2.266.827,00 ; 522.733,00 ; 1.732.850,00 ; 658.238,00 ; 2.133.775,00 
2;Alemanha; 52.297,00 ; 30.498,00 ; 34.606,00 ; 26.027,00 ; 134.438,00 ; 92.103,00 ; 111.523,00 ; 98.638,00 ; 219.173,00 ; 202.502,00 ; 134.354,00 ; 149.931,00 ; 168.134,00 ; 171.308,00 ; 160.926,00 ; 201.840,00 ; 437.831,00 ; 668.631,00 ; 433.478,00 ; 691.404,00 ; 457.033,00 ; 704.307,00 ; 707.194,00 ; 853.830,00 ; 996.948,00 ; 1.126.928,00 ; 850.055,00 ; 908.380,00 ; 586.645,00 ; 564.129,00 ; 1.069.717,00 ; 1.122.438,00 ; 2.357.113,00 ; 3.008.737,00 ; 1.307.519,00 ; 1.863.924,00 ; 2.029.271,00 ; 2.757.417,00 ; 2.885.143,00 ; 4.074.739,00 ; 3.342.223,00 ; 5.875.679,00 ; 3.096.425,00 ; 4.545.305,00 ; 2.515.557,00 ; 3.644.055,00 ; 5.721.360,00 ; 7.155.615,00 ; 11.047.710,00 ; 16.068.528,00 ; 11.919.346,00 ; 19.758.144,00 ; 8.680.860,00 ; 10.629.243,00 ; 4.867.017,00 ; 5.108.215,00 ; 3.014.081,00 ; 4.834.030,00 ; 2.576.557,00 ; 4.539.354,00 ; 1.164.724,00 ; 1.668.539,00 ; 909.077,00 ; 1.169.872,00 ; 759.712,00 ; 829.695,00 ; 573.198,00 ; 629.664,00 ; 420.075,00 ; 550.750,00 ; 253.685,00 ; 382.599,00 ; 314.749,00 ; 634.870,00 ; 234.006,00 ; 647.626,00 ; 293.935,00 ; 1.063.825,00 ; 56.075,00 ; 291.876,00 ; 192.661,00 ; 784.674,00 ; 198.025,00 ; 933.545,00 ; 113.243,00 ; 591.167,00 ; 114.866,00 ; 414.070,00 ; 115.804,00 ; 483.316,00 ; 95.171,00 ; 358.275,00 ; 158.386,00 ; 606.333,00 ; 83.289,00 ; 315.959,00 ; 142.971,00 ; 516.975,00 ; 101.055,00 ; 412.794,00 ; 136.992,00 ; 504.168,00 ; 106.541,00 ; 546.967,00 ; 92.600,00 ; 438.595,00 ; 102.456,00 ; 557.947,00 ; 121.002,00 ; 805.466,00 
3;Argélia; -   ; -   ; -   ; -   ; -   ; -   ; -   ; -   ; -   ; -   ; -   ; -   ; -   ; -   ; -   ; -   ; -   ; -   ; -   ; -   ; -   ; -   ; -   ; -   ; -   ; -   ; -   ; -   ; -   ; -   ; -   ; -   ; -   ; -   ; -   ; -   ; -   ; -   ; -   ; -   ; -   ; -   ; -   ; -   ; -   ; -   ; -   ; -   ; -   ; -   ; -   ; -   ; -   ; -   ; -   ; -   ; -   ; -   ; -   ; -   ; -   ; -   ; -   ; -   ; -   ; -   ; -   ; -   ; -   ; -   ; -   ; -   ; -   ; -   ; -   ; -   ; -   ; -   ; -   ; -   ; -   ; -   ; -   ; -   ; -   ; -   ; -   ; -   ; -   ; -   ; -   ; -   ; -   ; 43,00 ; -   ; -   ; -   ; -   ; -   ; -   ; -   ; -   ; -   ; -   ; -   ; -   ; -   ; -   ; -   ; -   
4;Arábia Saudita; -   ; -   ; -   ; -   ; -   ; -   ; -   ; -   ; -   ; -   ; -   ; -   ; -   ; -   ; -   ; -   ; -   ; -   ; -   ; -   ; -   ; -   ; -   ; -   ; -   ; -   ; -   ; -   ; -   ; -   ; -   ; -   ; -   ; -   ; -   ; -   ; -   ; -   ; -   ; -   ; -   ; -   ; -   ; -   ; -   ; -   ; -   ; -   ; -   ; -   ; -   ; -   ; -   ; -   ; -   ; -   ; -   ; -   ; -   ; -   ; -   ; -   ; -   ; -   ; -   ; -   ; -   ; -   ; -   ; -   ; -   ; -   ; -   ; -   ; -   ; -   ; -   ; -   ; -   ; -   ; -   ; -   ; -   ; -   ; -   ; -   ; -   ; -   ; -   ; -   ; -   ; -   ; -   ; 43,00 ; -   ; -   ; 563,00 ; 3.249,00 ; -   ; -   ; -   ; -   ; 2.510,00 ; 8.761,00 ; -   ; -   ; 8,00 ; 161,00 ; -   ; -   
5;Argentina; 19.525,00 ; 12.260,00 ; 24.942,00 ; 15.022,00 ; 104.906,00 ; 58.137,00 ; 116.887,00 ; 76.121,00 ; 215.930,00 ; 167.473,00 ; 145.823,00 ; 90.855,00 ; 348.653,00 ; 277.507,00 ; 408.399,00 ; 395.615,00 ; 614.134,00 ; 709.813,00 ; 646.978,00 ; 888.941,00 ; 298.471,00 ; 479.464,00 ; 131.738,00 ; 209.173,00 ; 191.972,00 ; 264.487,00 ; 132.634,00 ; 188.625,00 ; 42.438,00 ; 64.603,00 ; 114.570,00 ; 164.424,00 ; 170.413,00 ; 242.678,00 ; 98.854,00 ; 136.841,00 ; 414.931,00 ; 590.758,00 ; 716.062,00 ; 1.153.585,00 ; 455.774,00 ; 721.398,00 ; 852.441,00 ; 1.493.649,00 ; 444.896,00 ; 815.668,00 ; 359.542,00 ; 795.068,00 ; 446.315,00 ; 730.091,00 ; 1.397.904,00 ; 1.992.083,00 ; 779.008,00 ; 1.438.076,00 ; 1.013.306,00 ; 2.089.559,00 ; 1.295.190,00 ; 3.073.775,00 ; 2.475.780,00 ; 5.284.871,00 ; 2.724.941,00 ; 6.556.544,00 ; 2.585.537,00 ; 6.196.286,00 ; 3.867.336,00 ; 6.894.469,00 ; 5.720.024,00 ; 9.653.634,00 ; 10.202.602,00 ; 17.142.493,00 ; 10.845.213,00 ; 21.623.751,00 ; 11.939.727,00 ; 25.822.840,00 ; 15.621.172,00 ; 36.160.548,00 ; 14.417.761,00 ; 37.382.581,00 ; 13.902.750,00 ; 38.521.731,00 ; 16.965.266,00 ; 52.126.581,00 ; 16.673.491,00 ; 58.806.736,00 ; 14.613.839,00 ; 55.633.562,00 ; 12.732.815,00 ; 49.524.694,00 ; 13.437.321,00 ; 53.815.956,00 ; 12.465.041,00 ; 48.043.201,00 ; 14.098.009,00 ; 45.214.862,00 ; 15.461.740,00 ; 51.770.842,00 ; 15.221.318,00 ; 52.817.642,00 ; 16.548.931,00 ; 54.527.380,00 ; 22.610.267,00 ; 66.322.932,00 ; 26.869.241,00 ; 79.527.959,00 ; 27.980.574,00 ; 87.519.642,00 ; 25.276.991,00 ; 83.918.138,00 ; 26.272.478,00 ; 93.869.579,00 
6;Armênia; -   ; -   ; -   ; -   ; -   ; -   ; -   ; -   ; -   ; -   ; -   ; -   ; -   ; -   ; -   ; -   ; -   ; -   ; -   ; -   ; -   ; -   ; -   ; -   ; -   ; -   ; -   ; -   ; -   ; -   ; -   ; -   ; -   ; -   ; -   ; -   ; -   ; -   ; -   ; -   ; -   ; -   ; -   ; -   ; -   ; -   ; -   ; -   ; -   ; -   ; -   ; -   ; -   ; -   ; -   ; -   ; -   ; -   ; -   ; -   ; -   ; -   ; -   ; -   ; -   ; -   ; -   ; -   ; -   ; -   ; -   ; -   ; -   ; -   ; -   ; -   ; -   ; -   ; -   ; -   ; -   ; -   ; -   ; -   ; -   ; -   ; -   ; -   ; -   ; -   ; -   ; -   ; -   ; -   ; -   ; -   ; -   ; -   ; -   ; -   ; -   ; -   ; -   ; -   ; 2.385,00 ; 13.668,00 ; 3.542,00 ; 24.336,00 ; -   ; -   
7;Austrália; -   ; -   ; -   ; -   ; -   ; -   ; -   ; -   ; -   ; -   ; -   ; -   ; -   ; -   ; -   ; -   ; -   ; -   ; -   ; -   ; -   ; -   ; -   ; -   ; -   ; -   ; -   ; -   ; -   ; -   ; -   ; -   ; -   ; -   ; -   ; -   ; -   ; -   ; -   ; -   ; -   ; -   ; -   ; -   ; -   ; -   ; -   ; -   ; -   ; -   ; -   ; -   ; -   ; -   ; -   ; -   ; -   ; -   ; -   ; -   ; 130.097,00 ; 446.892,00 ; 179.310,00 ; 636.740,00 ; 148.916,00 ; 446.693,00 ; 126.441,00 ; 344.316,00 ; 192.539,00 ; 561.291,00 ; 324.162,00 ; 901.226,00 ; 254.407,00 ; 1.059.677,00 ; 363.611,00 ; 1.583.361,00 ; 215.135,00 ; 1.248.671,00 ; 270.908,00 ; 998.680,00 ; 405.271,00 ; 1.864.846,00 ; 824.440,00 ; 2.811.273,00 ; 615.334,00 ; 2.474.783,00 ; 553.190,00 ; 1.703.815,00 ; 236.742,00 ; 1.008.851,00 ; 395.030,00 ; 1.261.810,00 ; 498.515,00 ; 1.537.834,00 ; 354.641,00 ; 1.246.545,00 ; 3.518,00 ; 21.664,00 ; 16.292,00 ; 1.214.643,00 ; 212.595,00 ; 792.051,00 ; 366.875,00 ; 1.383.093,00 ; 579.279,00 ; 1.590.059,00 ; 432.829,00 ; 1.568.550,00 ; 422.720,00 ; 1.437.842,00 
8;Áustria; 1.328,00 ; 707,00 ; -   ; -   ; 353,00 ; 520,00 ; 2.310,00 ; 2.081,00 ; 5.301,00 ; 7.394,00 ; 8.835,00 ; 5.560,00 ; -   ; -   ; -   ; -   ; 600,00 ; 386,00 ; 4.250,00 ; 3.756,00 ; 2.385,00 ; 5.878,00 ; -   ; -   ; -   ; -   ; 8.400,00 ; 7.581,00 ; -   ; -   ; 11.830,00 ; 5.016,00 ; 1.740,00 ; 3.508,00 ; 2.520,00 ; 7.650,00 ; 1.800,00 ; 7.045,00 ; -   ; -   ; -   ; -   ; 6.180,00 ; 21.658,00 ; -   ; -   ; 3.580,00 ; 5.128,00 ; 910,00 ; 5.612,00 ; 1.080,00 ; 6.205,00 ; -   ; -   ; 4.404,00 ; 10.594,00 ; 8.926,00 ; 59.378,00 ; 83.930,00 ; 661.104,00 ; -   ; -   ; 770,00 ; -   ; -   ; -   ; -   ; -   ; 1.170,00 ; 24.677,00 ; 1.688,00 ; 17.321,00 ; 1.351,00 ; 8.359,00 ; 1.688,00 ; 35.247,00 ; 11.388,00 ; 73.348,00 ; 1.895,00 ; 12.073,00 ; 2.329,00 ; 30.075,00 ; 6.357,00 ; 56.227,00 ; 8.098,00 ; 85.116,00 ; 56.849,00 ; 227.204,00 ; 2.770,00 ; 32.116,00 ; 360,00 ; 3.891,00 ; 1.485,00 ; 7.551,00 ; 2.655,00 ; 24.629,00 ; 513.995,00 ; 1.567.866,00 ; 348.289,00 ; 128.379,00 ; 6.540,00 ; 52.348,00 ; 13.427,00 ; 141.822,00 ; 7.403,00 ; 53.974,00 ; 16.832,00 ; 145.475,00 ; 17.796,00 ; 104.965,00 
9;Bermudas; -   ; -   ; -   ; -   ; -   ; -   ; -   ; -   ; -   ; -   ; -   ; -   ; -   ; -   ; -   ; -   ; -   ; -   ; -   ; -   ; -   ; -   ; -   ; -   ; -   ; -   ; -   ; -   ; -   ; -   ; -   ; -   ; -   ; -   ; -   ; -   ; -   ; -   ; -   ; -   ; -   ; -   ; -   ; -   ; -   ; -   ; -   ; -   ; -   ; -   ; -   ; -   ; -   ; -   ; -   ; -   ; -   ; -   ; -   ; -   ; -   ; -   ; -   ; -   ; -   ; -   ; -   ; -   ; -   ; -   ; -   ; -   ; -   ; -   ; -   ; -   ; -   ; -   ; -   ; -   ; -   ; -   ; -   ; -   ; -   ; -   ; -   ; -   ; -   ; -   ; -   ; -   ; -   ; -   ; -   ; -   ; -   ; -   ; -   ; -   ; -   ; -   ; 10,00 ; 141,00 ; 1,00 ; 4,00 ; 6,00 ; 879,00 ; -   ; -   
10;Bélgica; -   ; -   ; -   ; -   ; -   ; -   ; -   ; -   ; -   ; -   ; -   ; -   ; -   ; -   ; -   ; -   ; -   ; -   ; -   ; -   ; -   ; -   ; -   ; -   ; -   ; -   ; -   ; -   ; -   ; -   ; -   ; -   ; -   ; -   ; -   ; -   ; -   ; -   ; -   ; -   ; -   ; -   ; -   ; -   ; 20.700,00 ; 30.575,00 ; 882,00 ; 1.391,00 ; -   ; -   ; -   ; -   ; -   ; -   ; 13.791,00 ; 95.375,00 ; 9.363,00 ; 40.899,00 ; 5.550,00 ; 23.433,00 ; -   ; -   ; -   ; -   ; -   ; -   ; -   ; -   ; -   ; -   ; -   ; -   ; -   ; -   ; -   ; -   ; -   ; -   ; -   ; -   ; -   ; -   ; -   ; -   ; -   ; -   ; -   ; -   ; -   ; -   ; -   ; -   ; 7,00 ; 1.090,00 ; 4.376,00 ; 45.221,00 ; 163,00 ; 1.201,00 ; 7,00 ; 30,00 ; -   ; -   ; -   ; -   ; -   ; -   ; -   ; -   ; -   ; -   
11;Bolívia; -   ; -   ; -   ; -   ; -   ; -   ; -   ; -   ; -   ; -   ; -   ; -   ; -   ; -   ; -   ; -   ; -   ; -   ; -   ; -   ; -   ; -   ; -   ; -   ; -   ; -   ; -   ; -   ; -   ; -   ; -   ; -   ; -   ; -   ; -   ; -   ; -   ; -   ; -   ; -   ; -   ; -   ; -   ; -   ; -   ; -   ; -   ; -   ; -   ; -   ; -   ; -   ; -   ; -   ; -   ; -   ; -   ; -   ; -   ; -   ; -   ; -   ; -   ; -   ; -   ; -   ; -   ; -   ; -   ; -   ; -   ; -   ; -   ; -   ; 540,00 ; 1.348,00 ; -   ; -   ; -   ; -   ; -   ; -   ; -   ; -   ; -   ; -   ; -   ; -   ; -   ; -   ; -   ; -   ; -   ; -   ; -   ; -   ; -   ; -   ; -   ; -   ; -   ; -   ; -   ; -   ; -   ; -   ; 1.170,00 ; 10.920,00 ; -   ; -   
12;Bósnia-Herzegovina; -   ; -   ; -   ; -   ; -   ; -   ; -   ; -   ; -   ; -   ; -   ; -   ; -   ; -   ; -   ; -   ; -   ; -   ; -   ; -   ; -   ; -   ; -   ; -   ; -   ; -   ; -   ; -   ; -   ; -   ; -   ; -   ; -   ; -   ; -   ; -   ; -   ; -   ; -   ; -   ; -   ; -   ; -   ; -   ; -   ; -   ; -   ; -   ; -   ; -   ; -   ; -   ; -   ; -   ; -   ; -   ; -   ; -   ; -   ; -   ; -   ; -   ; -   ; -   ; -   ; -   ; -   ; -   ; -   ; -   ; -   ; -   ; -   ; -   ; -   ; -   ; -   ; -   ; -   ; -   ; -   ; -   ; -   ; -   ; -   ; -   ; -   ; -   ; -   ; -   ; -   ; -   ; -   ; -   ; -   ; -   ; -   ; -   ; -   ; -   ; 1.218,00 ; 902,00 ; -   ; -   ; -   ; -   ; -   ; -   ; 4.883,00 ; 9.862,00 
13;Brasil; -   ; -   ; -   ; -   ; -   ; -   ; -   ; -   ; -   ; -   ; -   ; -   ; -   ; -   ; -   ; -   ; -   ; -   ; -   ; -   ; -   ; -   ; -   ; -   ; -   ; -   ; -   ; -   ; -   ; -   ; -   ; -   ; -   ; -   ; -   ; -   ; -   ; -   ; -   ; -   ; -   ; -   ; -   ; -   ; -   ; -   ; -   ; -   ; -   ; -   ; -   ; -   ; -   ; -   ; -   ; -   ; -   ; -   ; -   ; -   ; -   ; -   ; -   ; -   ; -   ; -   ; -   ; -   ; 2.088,00 ; 16.212,00 ; 3.007,00 ; 20.041,00 ; 2.930,00 ; 12.527,00 ; 3.513,00 ; 19.633,00 ; 309,00 ; 1.769,00 ; -   ; -   ; 7,00 ; 232,00 ; 93,00 ; 1.164,00 ; 1.051,00 ; 15.016,00 ; 473,00 ; 5.747,00 ; 449,00 ; 6.011,00 ; 1.359,00 ; 12.919,00 ; 183,00 ; 2.127,00 ; 845.617,00 ; 260.135,00 ; 18.040,00 ; 121.806,00 ; 29.295,00 ; 246.008,00 ; 4.347,00 ; 41.213,00 ; 12.602,00 ; 39.816,00 ; 1,00 ; 5,00 ; 6.229,00 ; 76.894,00 ; 71.637,00 ; 147.179,00 
14;Bulgária; -   ; -   ; -   ; -   ; -   ; -   ; -   ; -   ; -   ; -   ; -   ; -   ; -   ; -   ; -   ; -   ; -   ; -   ; -   ; -   ; -   ; -   ; -   ; -   ; -   ; -   ; -   ; -   ; -   ; -   ; -   ; -   ; -   ; -   ; -   ; -   ; -   ; -   ; -   ; -   ; -   ; -   ; -   ; -   ; -   ; -   ; -   ; -   ; -   ; -   ; -   ; -   ; -   ; -   ; -   ; -   ; -   ; -   ; -   ; -   ; -   ; -   ; -   ; -   ; -   ; -   ; -   ; -   ; -   ; -   ; -   ; -   ; -   ; -   ; -   ; -   ; -   ; -   ; -   ; -   ; 20.997,00 ; 94.727,00 ; 1.097,00 ; 2.527,00 ; -   ; -   ; 5.947,00 ; 21.988,00 ; 15.019,00 ; 46.857,00 ; 17.244,00 ; 51.678,00 ; 17.777,00 ; 55.253,00 ; 35.284,00 ; 68.234,00 ; 16.166,00 ; 17.550,00 ; 10.944,00 ; 9.915,00 ; 23.110,00 ; 58.319,00 ; 34.185,00 ; 105.623,00 ; 29.929,00 ; 43.221,00 ; 40.281,00 ; 95.232,00 ; 25.718,00 ; 62.739,00 
15;Canada; -   ; -   ; -   ; -   ; -   ; -   ; -   ; -   ; -   ; -   ; -   ; -   ; -   ; -   ; -   ; -   ; -   ; -   ; -   ; -   ; -   ; -   ; -   ; -   ; -   ; -   ; -   ; -   ; -   ; -   ; -   ; -   ; -   ; -   ; -   ; -   ; -   ; -   ; -   ; -   ; -   ; -   ; -   ; -   ; -   ; -   ; -   ; -   ; -   ; -   ; -   ; -   ; -   ; -   ; -   ; -   ; -   ; -   ; -   ; -   ; -   ; -   ; -   ; -   ; -   ; -   ; -   ; -   ; -   ; -   ; -   ; -   ; -   ; -   ; -   ; -   ; 396,00 ; 30.957,00 ; -   ; -   ; -   ; -   ; 2.322,00 ; 35.032,00 ; -   ; -   ; -   ; -   ; 1.530,00 ; 25.958,00 ; -   ; -   ; -   ; -   ; -   ; -   ; 301,00 ; 17.418,00 ; -   ; -   ; -   ; -   ; -   ; -   ; 884,00 ; 11.607,00 ; 14,00 ; 1.062,00 ; 203,00 ; 18.258,00 
16;Chile; 162.370,00 ; 101.819,00 ; 74.406,00 ; 52.240,00 ; 161.736,00 ; 95.654,00 ; 301.559,00 ; 212.140,00 ; 550.691,00 ; 429.885,00 ; 952.233,00 ; 764.780,00 ; 2.175.650,00 ; 1.574.474,00 ; 2.593.464,00 ; 1.962.448,00 ; 3.742.918,00 ; 3.415.769,00 ; 4.235.991,00 ; 4.315.227,00 ; 2.568.586,00 ; 3.199.365,00 ; 1.647.720,00 ; 2.344.875,00 ; 786.016,00 ; 1.124.272,00 ; 598.657,00 ; 781.217,00 ; 490.217,00 ; 527.176,00 ; 1.114.665,00 ; 1.195.151,00 ; 1.347.894,00 ; 1.416.109,00 ; 914.549,00 ; 1.008.445,00 ; 1.240.065,00 ; 1.474.473,00 ; 2.020.687,00 ; 2.675.722,00 ; 1.530.497,00 ; 2.034.195,00 ; 1.424.430,00 ; 1.869.655,00 ; 1.073.114,00 ; 1.421.889,00 ; 1.633.996,00 ; 2.655.683,00 ; 2.347.724,00 ; 3.822.138,00 ; 2.622.381,00 ; 4.165.531,00 ; 1.964.361,00 ; 3.273.873,00 ; 2.951.870,00 ; 5.453.225,00 ; 3.203.054,00 ; 6.005.098,00 ; 4.312.887,00 ; 8.756.515,00 ; 5.559.322,00 ; 12.096.840,00 ; 5.160.203,00 ; 11.122.691,00 ; 6.200.375,00 ; 11.626.770,00 ; 7.955.549,00 ; 16.120.955,00 ; 11.134.141,00 ; 22.521.618,00 ; 11.647.128,00 ; 25.645.333,00 ; 15.194.205,00 ; 36.681.244,00 ; 18.845.522,00 ; 47.680.946,00 ; 18.662.626,00 ; 50.748.373,00 ; 22.476.643,00 ; 61.380.795,00 ; 26.434.744,00 ; 72.983.389,00 ; 26.642.889,00 ; 84.952.500,00 ; 30.258.795,00 ; 93.315.735,00 ; 28.288.212,00 ; 90.281.256,00 ; 35.479.279,00 ; 113.375.484,00 ; 36.686.870,00 ; 107.684.380,00 ; 43.400.991,00 ; 123.183.079,00 ; 51.787.643,00 ; 145.628.860,00 ; 51.104.825,00 ; 144.731.210,00 ; 52.697.108,00 ; 145.471.294,00 ; 72.726.186,00 ; 176.540.499,00 ; 69.617.587,00 ; 182.568.098,00 ; 68.881.232,00 ; 184.335.335,00 ; 62.358.765,00 ; 170.146.247,00 ; 73.111.416,00 ; 199.874.777,00 
17;China; -   ; -   ; -   ; -   ; -   ; -   ; -   ; -   ; -   ; -   ; -   ; -   ; -   ; -   ; -   ; -   ; -   ; -   ; -   ; -   ; -   ; -   ; -   ; -   ; -   ; -   ; -   ; -   ; -   ; -   ; -   ; -   ; -   ; -   ; -   ; -   ; -   ; -   ; -   ; -   ; -   ; -   ; -   ; -   ; -   ; -   ; -   ; -   ; -   ; -   ; -   ; -   ; -   ; -   ; -   ; -   ; -   ; -   ; -   ; -   ; -   ; -   ; -   ; -   ; -   ; -   ; -   ; -   ; -   ; -   ; -   ; -   ; 22,00 ; 496,00 ; 459,00 ; 4.235,00 ; 6.858,00 ; 32.738,00 ; -   ; -   ; -   ; -   ; -   ; -   ; -   ; -   ; -   ; -   ; -   ; -   ; -   ; -   ; 108,00 ; 213,00 ; 1.000,00 ; 613,00 ; 5,00 ; 472,00 ; 317,00 ; 2.458,00 ; -   ; -   ; -   ; -   ; -   ; -   ; -   ; -   ; -   ; -   
18;Coreia do Sul, República; -   ; -   ; -   ; -   ; -   ; -   ; -   ; -   ; -   ; -   ; -   ; -   ; -   ; -   ; -   ; -   ; -   ; -   ; -   ; -   ; -   ; -   ; -   ; -   ; -   ; -   ; -   ; -   ; -   ; -   ; -   ; -   ; -   ; -   ; -   ; -   ; -   ; -   ; -   ; -   ; -   ; -   ; -   ; -   ; -   ; -   ; -   ; -   ; -   ; -   ; -   ; -   ; -   ; -   ; -   ; -   ; -   ; -   ; -   ; -   ; -   ; -   ; -   ; -   ; -   ; -   ; -   ; -   ; 450,00 ; 560,00 ; -   ; -   ; 800,00 ; 600,00 ; -   ; -   ; -   ; -   ; -   ; -   ; -   ; -   ; -   ; -   ; -   ; -   ; -   ; -   ; -   ; -   ; -   ; -   ; -   ; -   ; -   ; -   ; -   ; -   ; -   ; -   ; -   ; -   ; -   ; -   ; -   ; -   ; -   ; -   ; -   ; -   
19;Croácia; -   ; -   ; -   ; -   ; -   ; -   ; -   ; -   ; -   ; -   ; -   ; -   ; -   ; -   ; -   ; -   ; -   ; -   ; -   ; -   ; -   ; -   ; -   ; -   ; -   ; -   ; -   ; -   ; -   ; -   ; -   ; -   ; -   ; -   ; -   ; -   ; -   ; -   ; -   ; -   ; -   ; -   ; -   ; -   ; -   ; -   ; -   ; -   ; -   ; -   ; -   ; -   ; -   ; -   ; -   ; -   ; -   ; -   ; -   ; -   ; -   ; -   ; -   ; -   ; -   ; -   ; -   ; -   ; -   ; -   ; -   ; -   ; -   ; -   ; -   ; -   ; -   ; -   ; -   ; -   ; -   ; -   ; 450,00 ; 12.388,00 ; 630,00 ; 16.571,00 ; -   ; -   ; -   ; -   ; 2.069,00 ; 3.779,00 ; -   ; -   ; -   ; -   ; -   ; -   ; 450,00 ; 2.900,00 ; -   ; -   ; 17.343,00 ; 78.954,00 ; 887,00 ; 35.563,00 ; 1.107,00 ; 9.160,00 ; -   ; -   
20;Cuba; -   ; -   ; -   ; -   ; -   ; -   ; -   ; -   ; -   ; -   ; -   ; -   ; -   ; -   ; -   ; -   ; -   ; -   ; -   ; -   ; -   ; -   ; -   ; -   ; -   ; -   ; -   ; -   ; -   ; -   ; -   ; -   ; -   ; -   ; -   ; -   ; -   ; -   ; -   ; -   ; -   ; -   ; -   ; -   ; -   ; -   ; -   ; -   ; -   ; -   ; -   ; -   ; -   ; -   ; -   ; -   ; -   ; -   ; -   ; -   ; -   ; -   ; -   ; -   ; -   ; -   ; -   ; -   ; -   ; -   ; -   ; -   ; -   ; -   ; -   ; -   ; -   ; -   ; -   ; -   ; -   ; -   ; -   ; -   ; -   ; -   ; -   ; -   ; -   ; -   ; -   ; -   ; -   ; -   ; -   ; -   ; -   ; -   ; -   ; -   ; -   ; -   ; -   ; -   ; -   ; -   ; 8,00 ; 261,00 ; -   ; -   
21;Emirados Árabes Unidos; -   ; -   ; -   ; -   ; -   ; -   ; -   ; -   ; -   ; -   ; -   ; -   ; -   ; -   ; -   ; -   ; -   ; -   ; -   ; -   ; -   ; -   ; -   ; -   ; -   ; -   ; -   ; -   ; -   ; -   ; -   ; -   ; -   ; -   ; -   ; -   ; -   ; -   ; -   ; -   ; -   ; -   ; -   ; -   ; -   ; -   ; -   ; -   ; -   ; -   ; -   ; -   ; -   ; -   ; -   ; -   ; -   ; -   ; -   ; -   ; -   ; -   ; -   ; -   ; -   ; -   ; -   ; -   ; -   ; -   ; -   ; -   ; -   ; -   ; -   ; -   ; -   ; -   ; -   ; -   ; -   ; -   ; -   ; -   ; -   ; -   ; -   ; -   ; 35,00 ; 1.138,00 ; 529,00 ; 10.093,00 ; 2.175,00 ; 35.489,00 ; -   ; -   ; -   ; -   ; -   ; -   ; -   ; -   ; -   ; -   ; -   ; -   ; -   ; -   ; -   ; -   
22;Eslovênia; -   ; -   ; -   ; -   ; -   ; -   ; -   ; -   ; -   ; -   ; -   ; -   ; -   ; -   ; -   ; -   ; -   ; -   ; -   ; -   ; -   ; -   ; -   ; -   ; -   ; -   ; -   ; -   ; -   ; -   ; -   ; -   ; -   ; -   ; -   ; -   ; -   ; -   ; -   ; -   ; -   ; -   ; -   ; -   ; -   ; -   ; -   ; -   ; -   ; -   ; -   ; -   ; -   ; -   ; -   ; -   ; -   ; -   ; -   ; -   ; -   ; -   ; -   ; -   ; -   ; -   ; -   ; -   ; -   ; -   ; -   ; -   ; -   ; -   ; -   ; -   ; -   ; -   ; -   ; -   ; -   ; -   ; 3.600,00 ; 62.602,00 ; 433,00 ; 1.223,00 ; 2.192,00 ; 25.307,00 ; 4.190,00 ; 23.377,00 ; 4.640,00 ; 24.190,00 ; 14.366,00 ; 46.972,00 ; -   ; -   ; 20.976,00 ; 68.521,00 ; 30.968,00 ; 101.190,00 ; 11.392,00 ; 39.771,00 ; 42.944,00 ; 172.141,00 ; 31.509,00 ; 127.726,00 ; 28.806,00 ; 124.283,00 ; 17.671,00 ; 61.546,00 
23;Eslováquia; -   ; -   ; -   ; -   ; -   ; -   ; -   ; -   ; -   ; -   ; -   ; -   ; -   ; -   ; -   ; -   ; -   ; -   ; -   ; -   ; -   ; -   ; -   ; -   ; -   ; -   ; -   ; -   ; -   ; -   ; -   ; -   ; -   ; -   ; -   ; -   ; -   ; -   ; -   ; -   ; -   ; -   ; -   ; -   ; -   ; -   ; -   ; -   ; -   ; -   ; -   ; -   ; -   ; -   ; -   ; -   ; -   ; -   ; -   ; -   ; -   ; -   ; -   ; -   ; -   ; -   ; -   ; -   ; -   ; -   ; -   ; -   ; -   ; -   ; -   ; -   ; -   ; -   ; -   ; -   ; -   ; -   ; -   ; -   ; -   ; -   ; -   ; -   ; -   ; -   ; -   ; -   ; 1.305,00 ; 3.878,00 ; 21.424,00 ; 64.828,00 ; 10.800,00 ; 17.938,00 ; 459,00 ; 3.160,00 ; -   ; -   ; -   ; -   ; -   ; -   ; -   ; -   ; -   ; -   
24;Espanha; 261.126,00 ; 90.159,00 ; 140.507,00 ; 50.191,00 ; 300.582,00 ; 116.710,00 ; 226.805,00 ; 117.135,00 ; 362.577,00 ; 215.208,00 ; 174.608,00 ; 123.102,00 ; 52.474,00 ; 41.000,00 ; 105.667,00 ; 98.238,00 ; 87.767,00 ; 75.364,00 ; 103.825,00 ; 92.476,00 ; 111.381,00 ; 109.277,00 ; 56.316,00 ; 59.696,00 ; 119.748,00 ; 104.790,00 ; 65.961,00 ; 60.450,00 ; 7.200,00 ; 8.421,00 ; 61.924,00 ; 59.833,00 ; 52.429,00 ; 61.130,00 ; 71.472,00 ; 101.606,00 ; 67.339,00 ; 108.259,00 ; 54.954,00 ; 130.171,00 ; 132.157,00 ; 503.357,00 ; 52.892,00 ; 169.698,00 ; 51.921,00 ; 144.087,00 ; 48.534,00 ; 128.664,00 ; 166.267,00 ; 362.863,00 ; 385.466,00 ; 669.208,00 ; 510.076,00 ; 939.905,00 ; 352.213,00 ; 1.142.017,00 ; 370.580,00 ; 1.328.280,00 ; 396.453,00 ; 1.906.389,00 ; 531.425,00 ; 1.699.237,00 ; 624.644,00 ; 2.360.928,00 ; 435.422,00 ; 1.503.384,00 ; 410.133,00 ; 1.721.562,00 ; 603.666,00 ; 2.092.080,00 ; 508.494,00 ; 2.504.139,00 ; 971.869,00 ; 4.288.963,00 ; 862.045,00 ; 4.506.858,00 ; 990.697,00 ; 6.036.397,00 ; 1.119.540,00 ; 6.224.187,00 ; 1.622.100,00 ; 8.698.824,00 ; 1.999.970,00 ; 11.175.636,00 ; 2.540.209,00 ; 11.724.946,00 ; 2.772.104,00 ; 13.570.874,00 ; 2.760.797,00 ; 12.797.753,00 ; 3.024.533,00 ; 11.396.855,00 ; 3.948.614,00 ; 12.221.512,00 ; 7.240.535,00 ; 19.834.451,00 ; 5.595.268,00 ; 19.353.631,00 ; 5.797.980,00 ; 17.111.436,00 ; 7.169.384,00 ; 19.802.061,00 ; 8.793.911,00 ; 23.795.616,00 ; 6.487.047,00 ; 17.187.749,00 ; 6.591.628,00 ; 20.097.228,00 ; 6.828.739,00 ; 18.867.752,00 
25;Estados Unidos; -   ; -   ; 915,00 ; 190,00 ; 2.156,00 ; 1.337,00 ; -   ; -   ; -   ; -   ; 965,00 ; 3.761,00 ; 1.800,00 ; 2.575,00 ; 2.250,00 ; 3.275,00 ; 58.050,00 ; 67.752,00 ; 32.400,00 ; 36.360,00 ; 32.400,00 ; 36.720,00 ; 28.350,00 ; 33.443,00 ; 40.563,00 ; 52.983,00 ; 21.654,00 ; 24.570,00 ; -   ; -   ; 11.025,00 ; 15.805,00 ; 5.796,00 ; 9.218,00 ; 16.517,00 ; 17.965,00 ; 6.120,00 ; 7.880,00 ; 14.400,00 ; 53.390,00 ; 27.900,00 ; 142.509,00 ; 25.655,00 ; 62.170,00 ; 16.836,00 ; 44.552,00 ; 77.914,00 ; 177.471,00 ; 93.789,00 ; 212.884,00 ; 142.331,00 ; 313.916,00 ; 275.864,00 ; 454.266,00 ; 511.333,00 ; 1.122.364,00 ; 381.199,00 ; 885.162,00 ; 674.683,00 ; 992.353,00 ; 426.442,00 ; 899.698,00 ; 374.590,00 ; 1.036.201,00 ; 139.693,00 ; 357.913,00 ; 173.327,00 ; 448.844,00 ; 79.531,00 ; 255.328,00 ; 53.043,00 ; 245.198,00 ; 61.283,00 ; 355.478,00 ; 79.376,00 ; 334.204,00 ; 65.956,00 ; 542.331,00 ; 85.393,00 ; 702.825,00 ; 194.774,00 ; 1.344.921,00 ; 369.806,00 ; 1.756.901,00 ; 379.329,00 ; 1.995.929,00 ; 518.888,00 ; 2.817.086,00 ; 788.773,00 ; 4.171.731,00 ; 775.131,00 ; 3.848.755,00 ; 725.420,00 ; 2.924.715,00 ; 1.372.347,00 ; 4.110.641,00 ; 548.655,00 ; 2.584.781,00 ; 534.870,00 ; 2.400.830,00 ; 366.584,00 ; 2.119.234,00 ; 506.405,00 ; 2.809.649,00 ; 393.211,00 ; 3.023.220,00 ; 244.276,00 ; 1.775.713,00 ; 273.198,00 ; 1.919.231,00 
26;França; 91.544,00 ; 78.135,00 ; 88.714,00 ; 72.978,00 ; 176.688,00 ; 173.001,00 ; 259.060,00 ; 435.641,00 ; 316.584,00 ; 465.175,00 ; 191.546,00 ; 278.746,00 ; 284.613,00 ; 423.696,00 ; 322.033,00 ; 476.983,00 ; 355.292,00 ; 633.098,00 ; 458.369,00 ; 795.004,00 ; 248.038,00 ; 508.338,00 ; 303.063,00 ; 479.427,00 ; 313.977,00 ; 424.752,00 ; 267.008,00 ; 329.128,00 ; 117.087,00 ; 138.156,00 ; 540.136,00 ; 735.516,00 ; 625.421,00 ; 980.754,00 ; 340.250,00 ; 653.846,00 ; 435.573,00 ; 724.549,00 ; 701.300,00 ; 1.422.973,00 ; 479.460,00 ; 1.807.082,00 ; 503.488,00 ; 1.870.305,00 ; 356.417,00 ; 888.246,00 ; 924.323,00 ; 2.132.215,00 ; 1.821.215,00 ; 3.935.308,00 ; 2.043.172,00 ; 5.026.251,00 ; 1.917.908,00 ; 4.370.132,00 ; 3.388.528,00 ; 8.771.794,00 ; 3.853.865,00 ; 12.027.414,00 ; 3.529.422,00 ; 10.122.865,00 ; 3.431.635,00 ; 8.467.949,00 ; 3.118.460,00 ; 7.968.430,00 ; 2.355.088,00 ; 6.060.888,00 ; 1.958.362,00 ; 6.093.629,00 ; 2.092.261,00 ; 6.201.807,00 ; 1.671.209,00 ; 5.783.702,00 ; 2.561.966,00 ; 10.507.604,00 ; 2.737.947,00 ; 14.721.769,00 ; 2.466.277,00 ; 16.275.708,00 ; 2.372.448,00 ; 16.893.114,00 ; 2.799.118,00 ; 18.778.566,00 ; 3.329.437,00 ; 22.917.012,00 ; 3.181.440,00 ; 21.636.175,00 ; 3.265.362,00 ; 23.336.291,00 ; 3.592.782,00 ; 27.480.375,00 ; 3.617.130,00 ; 19.353.291,00 ; 3.831.566,00 ; 15.940.341,00 ; 5.921.728,00 ; 25.280.255,00 ; 4.653.789,00 ; 22.688.105,00 ; 5.324.383,00 ; 24.299.524,00 ; 5.658.139,00 ; 24.894.394,00 ; 6.241.310,00 ; 31.428.188,00 ; 4.911.903,00 ; 25.955.232,00 ; 4.899.631,00 ; 30.421.272,00 ; 4.700.023,00 ; 30.175.837,00 
27;Geórgia; -   ; -   ; -   ; -   ; -   ; -   ; -   ; -   ; -   ; -   ; -   ; -   ; -   ; -   ; -   ; -   ; -   ; -   ; -   ; -   ; -   ; -   ; -   ; -   ; -   ; -   ; -   ; -   ; -   ; -   ; -   ; -   ; -   ; -   ; -   ; -   ; -   ; -   ; -   ; -   ; -   ; -   ; -   ; -   ; -   ; -   ; -   ; -   ; -   ; -   ; -   ; -   ; -   ; -   ; -   ; -   ; -   ; -   ; -   ; -   ; -   ; -   ; -   ; -   ; -   ; -   ; -   ; -   ; -   ; -   ; -   ; -   ; -   ; -   ; -   ; -   ; -   ; -   ; -   ; -   ; -   ; -   ; -   ; -   ; -   ; -   ; 33.750,00 ; 134.202,00 ; -   ; -   ; -   ; -   ; -   ; -   ; -   ; -   ; 8.164,00 ; 20.416,00 ; 21.748,00 ; 41.161,00 ; 20.274,00 ; 42.948,00 ; 19.188,00 ; 32.901,00 ; 12.506,00 ; 26.983,00 ; 17.173,00 ; 29.084,00 ; 9.998,00 ; 15.541,00 
28;Geórgia do Sul e Sandwich do Sul, Ilhas; -   ; -   ; -   ; -   ; -   ; -   ; -   ; -   ; -   ; -   ; -   ; -   ; -   ; -   ; -   ; -   ; -   ; -   ; -   ; -   ; -   ; -   ; -   ; -   ; -   ; -   ; -   ; -   ; -   ; -   ; -   ; -   ; -   ; -   ; -   ; -   ; -   ; -   ; -   ; -   ; -   ; -   ; -   ; -   ; -   ; -   ; -   ; -   ; -   ; -   ; -   ; -   ; -   ; -   ; -   ; -   ; -   ; -   ; -   ; -   ; -   ; -   ; -   ; -   ; -   ; -   ; -   ; -   ; -   ; -   ; -   ; -   ; -   ; -   ; -   ; -   ; -   ; -   ; -   ; -   ; -   ; -   ; -   ; -   ; -   ; -   ; -   ; -   ; -   ; -   ; -   ; -   ; -   ; -   ; -   ; -   ; -   ; -   ; -   ; -   ; -   ; -   ; 1.838,00 ; 2.915,00 ; 1.788,00 ; 2.797,00 ; -   ; -   ; 2.937,00 ; 4.692,00 
29;Grécia; -   ; -   ; -   ; -   ; -   ; -   ; -   ; -   ; -   ; -   ; -   ; -   ; -   ; -   ; -   ; -   ; -   ; -   ; -   ; -   ; -   ; -   ; -   ; -   ; -   ; -   ; -   ; -   ; -   ; -   ; -   ; -   ; -   ; -   ; -   ; -   ; -   ; -   ; -   ; -   ; -   ; -   ; -   ; -   ; -   ; -   ; -   ; -   ; -   ; -   ; -   ; -   ; -   ; -   ; -   ; -   ; -   ; -   ; -   ; -   ; -   ; -   ; -   ; -   ; -   ; -   ; -   ; -   ; -   ; -   ; -   ; -   ; 670,00 ; 1.450,00 ; 18.110,00 ; 137.867,00 ; 11.034,00 ; 78.819,00 ; 52.474,00 ; 190.076,00 ; 42.449,00 ; 196.361,00 ; 82.207,00 ; 414.329,00 ; 68.966,00 ; 323.206,00 ; 13.241,00 ; 71.175,00 ; 24.244,00 ; 107.195,00 ; 55.680,00 ; 190.185,00 ; 6.568,00 ; 18.637,00 ; 40.775,00 ; 139.486,00 ; 41.601,00 ; 135.185,00 ; 21.251,00 ; 70.881,00 ; 61.181,00 ; 219.292,00 ; 13.619,00 ; 55.228,00 ; 45.440,00 ; 148.515,00 ; 45.889,00 ; 147.724,00 ; 41.071,00 ; 171.795,00 
30;Hong Kong; -   ; -   ; -   ; -   ; -   ; -   ; -   ; -   ; -   ; -   ; -   ; -   ; -   ; -   ; -   ; -   ; -   ; -   ; -   ; -   ; -   ; -   ; -   ; -   ; -   ; -   ; -   ; -   ; -   ; -   ; -   ; -   ; -   ; -   ; -   ; -   ; -   ; -   ; -   ; -   ; -   ; -   ; -   ; -   ; -   ; -   ; -   ; -   ; -   ; -   ; -   ; -   ; -   ; -   ; -   ; -   ; -   ; -   ; -   ; -   ; -   ; -   ; -   ; -   ; -   ; -   ; -   ; -   ; -   ; -   ; -   ; -   ; -   ; -   ; -   ; -   ; -   ; -   ; -   ; -   ; -   ; -   ; -   ; -   ; -   ; -   ; -   ; -   ; -   ; -   ; -   ; -   ; -   ; -   ; -   ; -   ; -   ; -   ; -   ; -   ; 311,00 ; 2.776,00 ; -   ; -   ; -   ; -   ; -   ; -   ; -   ; -   
31;Hungria; -   ; -   ; -   ; -   ; -   ; -   ; -   ; -   ; -   ; -   ; -   ; -   ; -   ; -   ; -   ; -   ; -   ; -   ; -   ; -   ; -   ; -   ; -   ; -   ; -   ; -   ; -   ; -   ; -   ; -   ; -   ; -   ; -   ; -   ; -   ; -   ; -   ; -   ; -   ; -   ; -   ; -   ; -   ; -   ; -   ; -   ; -   ; -   ; -   ; -   ; -   ; -   ; -   ; -   ; -   ; -   ; -   ; -   ; -   ; -   ; -   ; -   ; -   ; -   ; -   ; -   ; 13.391,00 ; 39.649,00 ; 10.967,00 ; 26.900,00 ; 10.858,00 ; 53.615,00 ; 10.530,00 ; 54.542,00 ; 14.600,00 ; 82.552,00 ; 15.981,00 ; 90.021,00 ; 12.632,00 ; 87.626,00 ; 15.193,00 ; 160.961,00 ; 15.073,00 ; 256.240,00 ; 10.404,00 ; 168.862,00 ; 10.911,00 ; 140.198,00 ; 18.733,00 ; 114.610,00 ; 5.117,00 ; 74.688,00 ; 8.315,00 ; 58.756,00 ; 23.813,00 ; 168.353,00 ; 23.742,00 ; 113.405,00 ; 34.591,00 ; 146.500,00 ; 5.254,00 ; 25.250,00 ; 20.174,00 ; 160.816,00 ; 29.260,00 ; 160.168,00 ; 41.905,00 ; 316.481,00 ; 27.820,00 ; 238.501,00 
32;Indonésia; -   ; -   ; -   ; -   ; -   ; -   ; -   ; -   ; -   ; -   ; -   ; -   ; -   ; -   ; -   ; -   ; -   ; -   ; -   ; -   ; -   ; -   ; -   ; -   ; -   ; -   ; -   ; -   ; -   ; -   ; -   ; -   ; -   ; -   ; -   ; -   ; -   ; -   ; -   ; -   ; -   ; -   ; -   ; -   ; -   ; -   ; -   ; -   ; -   ; -   ; -   ; -   ; -   ; -   ; -   ; -   ; -   ; -   ; -   ; -   ; -   ; -   ; -   ; -   ; -   ; -   ; -   ; -   ; -   ; -   ; -   ; -   ; -   ; -   ; -   ; -   ; -   ; -   ; -   ; -   ; -   ; -   ; -   ; -   ; -   ; -   ; -   ; -   ; -   ; -   ; -   ; -   ; -   ; 43,00 ; -   ; -   ; 36,00 ; 210,00 ; 258,00 ; 1.464,00 ; -   ; -   ; -   ; -   ; -   ; -   ; -   ; -   ; -   ; -   
33;Irlanda; -   ; -   ; -   ; -   ; -   ; -   ; -   ; -   ; -   ; -   ; -   ; -   ; -   ; -   ; -   ; -   ; -   ; -   ; -   ; -   ; -   ; -   ; -   ; -   ; -   ; -   ; -   ; -   ; -   ; -   ; -   ; -   ; -   ; -   ; -   ; -   ; -   ; -   ; -   ; -   ; -   ; -   ; -   ; -   ; -   ; -   ; -   ; -   ; -   ; -   ; -   ; -   ; -   ; -   ; -   ; -   ; -   ; -   ; -   ; -   ; -   ; -   ; -   ; -   ; -   ; -   ; -   ; -   ; -   ; -   ; -   ; -   ; -   ; -   ; -   ; -   ; -   ; -   ; -   ; -   ; -   ; -   ; -   ; -   ; -   ; -   ; -   ; -   ; -   ; -   ; -   ; -   ; -   ; 43,00 ; -   ; -   ; 107,00 ; 954,00 ; 179,00 ; 1.705,00 ; -   ; -   ; -   ; -   ; -   ; -   ; -   ; -   ; -   ; -   
34;Israel; -   ; -   ; -   ; -   ; -   ; -   ; -   ; -   ; -   ; -   ; -   ; -   ; -   ; -   ; -   ; -   ; -   ; -   ; -   ; -   ; -   ; -   ; -   ; -   ; -   ; -   ; -   ; -   ; -   ; -   ; -   ; -   ; -   ; -   ; -   ; -   ; -   ; -   ; -   ; -   ; -   ; -   ; -   ; -   ; -   ; -   ; -   ; -   ; -   ; -   ; -   ; -   ; -   ; -   ; -   ; -   ; -   ; -   ; -   ; -   ; -   ; -   ; -   ; -   ; -   ; -   ; -   ; -   ; -   ; -   ; -   ; -   ; -   ; -   ; 13.250,00 ; 27.398,00 ; 8.694,00 ; 41.161,00 ; 8.924,00 ; 36.534,00 ; 15.782,00 ; 93.252,00 ; 16.382,00 ; 68.676,00 ; 8.439,00 ; 47.579,00 ; 24.622,00 ; 97.645,00 ; 7.734,00 ; 40.372,00 ; 19.028,00 ; 55.248,00 ; 12.548,00 ; 44.277,00 ; 37.302,00 ; 120.463,00 ; 40.354,00 ; 182.017,00 ; 52.237,00 ; 182.602,00 ; 38.239,00 ; 224.349,00 ; 60.281,00 ; 298.732,00 ; 19.589,00 ; 82.489,00 ; 48.772,00 ; 259.405,00 ; 37.533,00 ; 183.392,00 
35;Itália; 58.802,00 ; 32.376,00 ; 108.409,00 ; 56.377,00 ; 142.196,00 ; 96.943,00 ; 258.754,00 ; 186.334,00 ; 305.763,00 ; 278.089,00 ; 250.541,00 ; 244.731,00 ; 304.377,00 ; 276.633,00 ; 348.461,00 ; 349.392,00 ; 250.535,00 ; 268.114,00 ; 407.274,00 ; 562.726,00 ; 217.226,00 ; 283.635,00 ; 178.772,00 ; 222.760,00 ; 284.440,00 ; 322.430,00 ; 266.333,00 ; 308.260,00 ; 132.321,00 ; 141.201,00 ; 327.976,00 ; 385.365,00 ; 430.029,00 ; 601.494,00 ; 306.950,00 ; 467.597,00 ; 410.419,00 ; 703.116,00 ; 750.290,00 ; 1.341.632,00 ; 497.616,00 ; 1.284.638,00 ; 566.035,00 ; 1.331.248,00 ; 540.439,00 ; 1.307.032,00 ; 1.333.424,00 ; 2.404.136,00 ; 2.745.848,00 ; 5.058.009,00 ; 3.859.353,00 ; 7.542.440,00 ; 3.771.901,00 ; 8.178.592,00 ; 5.203.832,00 ; 11.182.645,00 ; 5.481.659,00 ; 12.837.955,00 ; 6.187.860,00 ; 14.604.418,00 ; 8.261.193,00 ; 16.364.713,00 ; 8.113.437,00 ; 15.592.191,00 ; 5.878.763,00 ; 11.408.242,00 ; 5.237.027,00 ; 10.545.425,00 ; 6.190.395,00 ; 12.223.247,00 ; 6.010.760,00 ; 11.300.501,00 ; 7.983.641,00 ; 17.018.760,00 ; 9.177.932,00 ; 22.023.175,00 ; 9.723.292,00 ; 24.378.627,00 ; 8.387.908,00 ; 23.079.424,00 ; 11.911.190,00 ; 28.683.242,00 ; 12.025.827,00 ; 35.481.781,00 ; 10.506.144,00 ; 30.750.897,00 ; 8.308.831,00 ; 30.799.292,00 ; 8.566.756,00 ; 31.697.736,00 ; 8.261.383,00 ; 25.846.195,00 ; 7.936.409,00 ; 22.216.811,00 ; 11.538.990,00 ; 33.707.111,00 ; 10.154.564,00 ; 34.857.594,00 ; 10.323.254,00 ; 33.355.982,00 ; 9.659.999,00 ; 32.477.890,00 ; 11.231.625,00 ; 39.852.162,00 ; 9.622.119,00 ; 33.330.465,00 ; 8.868.133,00 ; 34.760.596,00 ; 9.861.350,00 ; 39.485.660,00 
36;Japão; -   ; -   ; -   ; -   ; -   ; -   ; -   ; -   ; -   ; -   ; -   ; -   ; -   ; -   ; -   ; -   ; -   ; -   ; -   ; -   ; -   ; -   ; -   ; -   ; -   ; -   ; -   ; -   ; -   ; -   ; -   ; -   ; -   ; -   ; -   ; -   ; -   ; -   ; -   ; -   ; -   ; -   ; -   ; -   ; -   ; -   ; -   ; -   ; -   ; -   ; -   ; -   ; -   ; -   ; -   ; -   ; -   ; -   ; -   ; -   ; -   ; -   ; -   ; -   ; -   ; -   ; -   ; -   ; -   ; -   ; -   ; -   ; -   ; -   ; -   ; -   ; -   ; -   ; -   ; -   ; -   ; -   ; -   ; -   ; -   ; -   ; -   ; -   ; -   ; -   ; -   ; -   ; -   ; -   ; -   ; -   ; -   ; -   ; 153,00 ; 1.429,00 ; -   ; -   ; -   ; -   ; -   ; -   ; 86,00 ; 3.427,00 ; 411,00 ; 4.363,00 
37;Iugoslávia; 702,00 ; 326,00 ; 640,00 ; 375,00 ; 1.824,00 ; 1.137,00 ; 1.251,00 ; 813,00 ; 2.520,00 ; 1.804,00 ; 7.969,00 ; 5.128,00 ; 2.100,00 ; 1.870,00 ; 1.764,00 ; 1.570,00 ; 1.764,00 ; 1.630,00 ; 2.100,00 ; 2.050,00 ; -   ; -   ; -   ; -   ; 1.350,00 ; 1.650,00 ; -   ; -   ; -   ; -   ; 14.238,00 ; 11.619,00 ; -   ; -   ; 17.835,00 ; 14.390,00 ; 20.160,00 ; 17.700,00 ; 17.100,00 ; 19.150,00 ; 38.640,00 ; 44.100,00 ; 25.650,00 ; 31.825,00 ; 25.596,00 ; 31.968,00 ; 8.550,00 ; 10.500,00 ; 25.920,00 ; 36.000,00 ; 51.840,00 ; 81.408,00 ; -   ; -   ; -   ; -   ; -   ; -   ; -   ; -   ; -   ; -   ; -   ; -   ; -   ; -   ; -   ; -   ; -   ; -   ; -   ; -   ; -   ; -   ; -   ; -   ; -   ; -   ; -   ; -   ; -   ; -   ; -   ; -   ; -   ; -   ; -   ; -   ; -   ; -   ; -   ; -   ; -   ; -   ; -   ; -   ; -   ; -   ; -   ; -   ; -   ; -   ; -   ; -   ; -   ; -   ; -   ; -   ; -   ; -   
38;Líbano; -   ; -   ; -   ; -   ; -   ; -   ; -   ; -   ; -   ; -   ; -   ; -   ; -   ; -   ; -   ; -   ; -   ; -   ; -   ; -   ; -   ; -   ; -   ; -   ; -   ; -   ; -   ; -   ; -   ; -   ; -   ; -   ; -   ; -   ; -   ; -   ; -   ; -   ; -   ; -   ; -   ; -   ; -   ; -   ; -   ; -   ; -   ; -   ; -   ; -   ; -   ; -   ; -   ; -   ; -   ; -   ; -   ; -   ; -   ; -   ; -   ; -   ; -   ; -   ; -   ; -   ; 1.116,00 ; 8.013,00 ; 662,00 ; 2.726,00 ; 1.431,00 ; 12.774,00 ; 5.121,00 ; 10.605,00 ; 6.768,00 ; 25.265,00 ; 10.270,00 ; 47.054,00 ; 5.310,00 ; 34.971,00 ; 15.741,00 ; 123.283,00 ; 17.685,00 ; 137.954,00 ; 5.805,00 ; 47.826,00 ; 6.588,00 ; 75.810,00 ; 47.610,00 ; 270.145,00 ; 6.480,00 ; 56.196,00 ; 10.665,00 ; 71.374,00 ; 12.737,00 ; 93.480,00 ; 19.742,00 ; 150.044,00 ; 21.836,00 ; 167.358,00 ; 12.384,00 ; 45.908,00 ; 24.194,00 ; 78.872,00 ; 30.149,00 ; 182.548,00 ; 14.328,00 ; 106.610,00 ; 8.730,00 ; 45.866,00 
39;Luxemburgo; -   ; -   ; -   ; -   ; -   ; -   ; -   ; -   ; -   ; -   ; -   ; -   ; -   ; -   ; -   ; -   ; -   ; -   ; -   ; -   ; -   ; -   ; -   ; -   ; -   ; -   ; -   ; -   ; -   ; -   ; -   ; -   ; -   ; -   ; -   ; -   ; -   ; -   ; -   ; -   ; -   ; -   ; -   ; -   ; -   ; -   ; -   ; -   ; -   ; -   ; -   ; -   ; -   ; -   ; -   ; -   ; -   ; -   ; -   ; -   ; -   ; -   ; -   ; -   ; -   ; -   ; -   ; -   ; -   ; -   ; -   ; -   ; -   ; -   ; -   ; -   ; -   ; -   ; -   ; -   ; -   ; -   ; -   ; -   ; -   ; -   ; -   ; -   ; -   ; -   ; -   ; -   ; -   ; 43,00 ; -   ; -   ; 5,00 ; 42,00 ; -   ; -   ; -   ; -   ; -   ; -   ; -   ; -   ; -   ; -   ; 6,00 ; 59,00 
40;Macedônia; -   ; -   ; -   ; -   ; -   ; -   ; -   ; -   ; -   ; -   ; -   ; -   ; -   ; -   ; -   ; -   ; -   ; -   ; -   ; -   ; -   ; -   ; -   ; -   ; -   ; -   ; -   ; -   ; -   ; -   ; -   ; -   ; -   ; -   ; -   ; -   ; -   ; -   ; -   ; -   ; -   ; -   ; -   ; -   ; -   ; -   ; -   ; -   ; -   ; -   ; -   ; -   ; -   ; -   ; -   ; -   ; -   ; -   ; -   ; -   ; -   ; -   ; -   ; -   ; -   ; -   ; -   ; -   ; -   ; -   ; -   ; -   ; -   ; -   ; -   ; -   ; -   ; -   ; -   ; -   ; -   ; -   ; -   ; -   ; -   ; -   ; -   ; -   ; 252,00 ; 497,00 ; -   ; -   ; -   ; -   ; -   ; -   ; -   ; -   ; 1.323,00 ; 874,00 ; -   ; -   ; -   ; -   ; -   ; -   ; 8.522,00 ; 17.172,00 ; -   ; -   
41;Marrocos; -   ; -   ; -   ; -   ; -   ; -   ; -   ; -   ; -   ; -   ; -   ; -   ; -   ; -   ; -   ; -   ; -   ; -   ; -   ; -   ; -   ; -   ; -   ; -   ; -   ; -   ; -   ; -   ; -   ; -   ; -   ; -   ; -   ; -   ; -   ; -   ; -   ; -   ; -   ; -   ; -   ; -   ; -   ; -   ; -   ; -   ; -   ; -   ; -   ; -   ; -   ; -   ; -   ; -   ; -   ; -   ; -   ; -   ; -   ; -   ; -   ; -   ; -   ; -   ; -   ; -   ; -   ; -   ; -   ; -   ; -   ; -   ; -   ; -   ; -   ; -   ; -   ; -   ; -   ; -   ; -   ; -   ; -   ; -   ; 450,00 ; 3.851,00 ; -   ; -   ; -   ; -   ; 1.755,00 ; 15.082,00 ; -   ; -   ; -   ; -   ; -   ; -   ; 2.250,00 ; 16.816,00 ; 2.160,00 ; 8.326,00 ; 986,00 ; 6.958,00 ; 13.932,00 ; 46.497,00 ; 603,00 ; 2.349,00 ; -   ; -   
42;México; -   ; -   ; -   ; -   ; -   ; -   ; -   ; -   ; -   ; -   ; -   ; -   ; -   ; -   ; -   ; -   ; -   ; -   ; -   ; -   ; -   ; -   ; -   ; -   ; -   ; -   ; -   ; -   ; -   ; -   ; -   ; -   ; -   ; -   ; -   ; -   ; -   ; -   ; -   ; -   ; -   ; -   ; -   ; -   ; -   ; -   ; -   ; -   ; -   ; -   ; -   ; -   ; -   ; -   ; -   ; -   ; -   ; -   ; -   ; -   ; -   ; -   ; -   ; -   ; -   ; -   ; -   ; -   ; -   ; -   ; -   ; -   ; -   ; -   ; -   ; -   ; -   ; -   ; -   ; -   ; 7.004,00 ; 63.663,00 ; -   ; -   ; -   ; -   ; -   ; -   ; -   ; -   ; -   ; -   ; -   ; -   ; -   ; -   ; 134,00 ; 804,00 ; 646,00 ; 3.927,00 ; 33,00 ; 181,00 ; 4,00 ; 19,00 ; -   ; -   ; -   ; -   ; -   ; -   
43;Moldávia; -   ; -   ; -   ; -   ; -   ; -   ; -   ; -   ; -   ; -   ; -   ; -   ; -   ; -   ; -   ; -   ; -   ; -   ; -   ; -   ; -   ; -   ; -   ; -   ; -   ; -   ; -   ; -   ; -   ; -   ; -   ; -   ; -   ; -   ; -   ; -   ; -   ; -   ; -   ; -   ; -   ; -   ; -   ; -   ; -   ; -   ; -   ; -   ; -   ; -   ; -   ; -   ; -   ; -   ; -   ; -   ; -   ; -   ; -   ; -   ; -   ; -   ; -   ; -   ; -   ; -   ; -   ; -   ; -   ; -   ; -   ; -   ; -   ; -   ; -   ; -   ; -   ; -   ; -   ; -   ; -   ; -   ; -   ; -   ; -   ; -   ; -   ; -   ; -   ; -   ; -   ; -   ; -   ; -   ; -   ; -   ; -   ; -   ; -   ; -   ; 5.832,00 ; 8.965,00 ; 25.998,00 ; 66.480,00 ; 38.336,00 ; 70.282,00 ; 51.189,00 ; 138.741,00 ; 58.609,00 ; 158.610,00 
44;Montenegro; -   ; -   ; -   ; -   ; -   ; -   ; -   ; -   ; -   ; -   ; -   ; -   ; -   ; -   ; -   ; -   ; -   ; -   ; -   ; -   ; -   ; -   ; -   ; -   ; -   ; -   ; -   ; -   ; -   ; -   ; -   ; -   ; -   ; -   ; -   ; -   ; -   ; -   ; -   ; -   ; -   ; -   ; -   ; -   ; -   ; -   ; -   ; -   ; -   ; -   ; -   ; -   ; -   ; -   ; -   ; -   ; -   ; -   ; -   ; -   ; -   ; -   ; -   ; -   ; -   ; -   ; -   ; -   ; -   ; -   ; -   ; -   ; -   ; -   ; -   ; -   ; -   ; -   ; -   ; -   ; -   ; -   ; -   ; -   ; -   ; -   ; -   ; -   ; -   ; -   ; -   ; -   ; -   ; -   ; -   ; -   ; -   ; -   ; 1.701,00 ; 5.440,00 ; -   ; -   ; -   ; -   ; -   ; -   ; -   ; -   ; -   ; -   
45;Noruega; -   ; -   ; -   ; -   ; -   ; -   ; -   ; -   ; -   ; -   ; -   ; -   ; -   ; -   ; -   ; -   ; -   ; -   ; -   ; -   ; -   ; -   ; -   ; -   ; -   ; -   ; -   ; -   ; -   ; -   ; -   ; -   ; -   ; -   ; -   ; -   ; -   ; -   ; -   ; -   ; -   ; -   ; -   ; -   ; -   ; -   ; -   ; -   ; -   ; -   ; -   ; -   ; -   ; -   ; -   ; -   ; -   ; -   ; -   ; -   ; -   ; -   ; -   ; -   ; -   ; -   ; -   ; -   ; -   ; -   ; -   ; -   ; -   ; -   ; -   ; -   ; -   ; -   ; -   ; -   ; -   ; -   ; -   ; -   ; -   ; -   ; -   ; -   ; -   ; -   ; -   ; -   ; 396,00 ; 253,00 ; 5,00 ; 27,00 ; -   ; -   ; -   ; -   ; -   ; -   ; -   ; -   ; -   ; -   ; -   ; -   ; -   ; -   
46;Nova Zelândia; -   ; -   ; -   ; -   ; -   ; -   ; -   ; -   ; -   ; -   ; -   ; -   ; -   ; -   ; -   ; -   ; -   ; -   ; -   ; -   ; -   ; -   ; -   ; -   ; -   ; -   ; -   ; -   ; -   ; -   ; -   ; -   ; -   ; -   ; -   ; -   ; -   ; -   ; -   ; -   ; -   ; -   ; -   ; -   ; -   ; -   ; -   ; -   ; -   ; -   ; -   ; -   ; -   ; -   ; -   ; -   ; -   ; -   ; -   ; -   ; -   ; -   ; -   ; -   ; -   ; -   ; 21.139,00 ; 153.081,00 ; 11.774,00 ; 107.273,00 ; 31.291,00 ; 224.441,00 ; 31.825,00 ; 254.987,00 ; 47.220,00 ; 417.276,00 ; 58.408,00 ; 536.625,00 ; 30.806,00 ; 302.244,00 ; 102.683,00 ; 947.043,00 ; 151.194,00 ; 1.267.863,00 ; 81.611,00 ; 790.355,00 ; 90.728,00 ; 840.521,00 ; 106.251,00 ; 843.533,00 ; 117.340,00 ; 950.751,00 ; 50.177,00 ; 361.030,00 ; 31.379,00 ; 248.412,00 ; 130.854,00 ; 686.193,00 ; 133.179,00 ; 776.830,00 ; 15.372,00 ; 89.763,00 ; 21.995,00 ; 137.547,00 ; 52.265,00 ; 403.597,00 ; 28.665,00 ; 254.138,00 ; 39.629,00 ; 279.820,00 
47;Países Baixos (Holanda); -   ; -   ; -   ; -   ; -   ; -   ; -   ; -   ; -   ; -   ; -   ; -   ; -   ; -   ; -   ; -   ; -   ; -   ; -   ; -   ; -   ; -   ; -   ; -   ; -   ; -   ; -   ; -   ; -   ; -   ; -   ; -   ; -   ; -   ; -   ; -   ; -   ; -   ; -   ; -   ; -   ; -   ; -   ; -   ; -   ; -   ; -   ; -   ; -   ; -   ; -   ; -   ; -   ; -   ; -   ; -   ; -   ; -   ; -   ; -   ; -   ; -   ; -   ; -   ; -   ; -   ; -   ; -   ; -   ; -   ; -   ; -   ; -   ; -   ; -   ; -   ; -   ; -   ; -   ; -   ; -   ; -   ; -   ; -   ; -   ; -   ; -   ; -   ; -   ; -   ; -   ; -   ; -   ; 43,00 ; -   ; -   ; 283,00 ; 8.719,00 ; 634,00 ; 5.297,00 ; 2.285,00 ; 22.990,00 ; -   ; -   ; -   ; -   ; 9,00 ; 354,00 ; 810,00 ; 8.649,00 
48;Panamá; -   ; -   ; -   ; -   ; -   ; -   ; -   ; -   ; -   ; -   ; -   ; -   ; -   ; -   ; -   ; -   ; -   ; -   ; -   ; -   ; -   ; -   ; -   ; -   ; -   ; -   ; -   ; -   ; -   ; -   ; -   ; -   ; -   ; -   ; -   ; -   ; -   ; -   ; -   ; -   ; -   ; -   ; -   ; -   ; -   ; -   ; -   ; -   ; -   ; -   ; -   ; -   ; -   ; -   ; -   ; -   ; -   ; -   ; -   ; -   ; -   ; -   ; -   ; -   ; -   ; -   ; -   ; -   ; -   ; -   ; -   ; -   ; -   ; -   ; -   ; -   ; -   ; -   ; -   ; -   ; -   ; -   ; -   ; -   ; -   ; -   ; -   ; -   ; -   ; -   ; -   ; -   ; -   ; -   ; -   ; -   ; -   ; -   ; 17,00 ; 96,00 ; -   ; -   ; -   ; -   ; -   ; -   ; -   ; -   ; -   ; -   
49;Paraguai; -   ; -   ; -   ; -   ; -   ; -   ; -   ; -   ; -   ; -   ; -   ; -   ; -   ; -   ; -   ; -   ; -   ; -   ; -   ; -   ; -   ; -   ; -   ; -   ; -   ; -   ; -   ; -   ; -   ; -   ; -   ; -   ; -   ; -   ; -   ; -   ; -   ; -   ; -   ; -   ; -   ; -   ; -   ; -   ; -   ; -   ; -   ; -   ; -   ; -   ; -   ; -   ; -   ; -   ; -   ; -   ; -   ; -   ; -   ; -   ; -   ; -   ; -   ; -   ; -   ; -   ; -   ; -   ; -   ; -   ; -   ; -   ; -   ; -   ; -   ; -   ; -   ; -   ; -   ; -   ; -   ; -   ; -   ; -   ; -   ; -   ; -   ; -   ; -   ; -   ; -   ; -   ; -   ; -   ; -   ; -   ; -   ; -   ; -   ; -   ; -   ; -   ; -   ; -   ; -   ; -   ; -   ; -   ; 1,00 ; 21,00 
50;Peru; -   ; -   ; -   ; -   ; -   ; -   ; -   ; -   ; -   ; -   ; -   ; -   ; -   ; -   ; -   ; -   ; -   ; -   ; -   ; -   ; -   ; -   ; -   ; -   ; -   ; -   ; -   ; -   ; -   ; -   ; -   ; -   ; -   ; -   ; -   ; -   ; -   ; -   ; -   ; -   ; -   ; -   ; -   ; -   ; -   ; -   ; -   ; -   ; -   ; -   ; -   ; -   ; -   ; -   ; -   ; -   ; -   ; -   ; -   ; -   ; -   ; -   ; -   ; -   ; -   ; -   ; -   ; -   ; -   ; -   ; -   ; -   ; -   ; -   ; -   ; -   ; -   ; -   ; -   ; -   ; 33,00 ; 252,00 ; -   ; -   ; -   ; -   ; -   ; -   ; 3.201,00 ; 7.906,00 ; -   ; -   ; -   ; -   ; -   ; -   ; 77,00 ; 653,00 ; -   ; -   ; -   ; -   ; -   ; -   ; 17.861,00 ; 84.084,00 ; 12.276,00 ; 58.862,00 ; -   ; -   
51;Porto Rico; -   ; -   ; -   ; -   ; -   ; -   ; -   ; -   ; -   ; -   ; -   ; -   ; -   ; -   ; -   ; -   ; -   ; -   ; -   ; -   ; -   ; -   ; -   ; -   ; -   ; -   ; -   ; -   ; -   ; -   ; -   ; -   ; -   ; -   ; -   ; -   ; -   ; -   ; -   ; -   ; -   ; -   ; -   ; -   ; -   ; -   ; -   ; -   ; -   ; -   ; -   ; -   ; -   ; -   ; -   ; -   ; -   ; -   ; -   ; -   ; -   ; -   ; -   ; -   ; -   ; -   ; -   ; -   ; -   ; -   ; -   ; -   ; -   ; -   ; 15.658,00 ; 14.781,00 ; -   ; -   ; -   ; -   ; -   ; -   ; -   ; -   ; -   ; -   ; -   ; -   ; -   ; -   ; -   ; -   ; -   ; -   ; -   ; -   ; 47,00 ; 404,00 ; 21,00 ; 115,00 ; 54,00 ; 1.090,00 ; -   ; -   ; -   ; -   ; 2.021,00 ; 4.481,00 ; -   ; -   
52;Portugal; 785.609,00 ; 531.480,00 ; 897.310,00 ; 620.790,00 ; 1.650.727,00 ; 1.226.232,00 ; 2.818.320,00 ; 2.238.637,00 ; 2.245.288,00 ; 1.917.710,00 ; 2.192.004,00 ; 1.838.430,00 ; 2.284.423,00 ; 1.872.573,00 ; 2.132.582,00 ; 1.847.604,00 ; 2.763.298,00 ; 2.706.030,00 ; 2.823.760,00 ; 3.493.450,00 ; 1.601.931,00 ; 2.146.952,00 ; 933.906,00 ; 1.271.300,00 ; 1.074.983,00 ; 1.258.983,00 ; 1.189.656,00 ; 1.338.370,00 ; 536.706,00 ; 531.515,00 ; 1.484.998,00 ; 1.406.897,00 ; 2.270.772,00 ; 2.258.643,00 ; 1.477.093,00 ; 1.610.041,00 ; 1.454.323,00 ; 1.884.873,00 ; 1.690.391,00 ; 2.924.935,00 ; 1.423.882,00 ; 2.793.037,00 ; 1.361.858,00 ; 2.525.520,00 ; 1.034.446,00 ; 1.792.170,00 ; 1.678.448,00 ; 2.873.315,00 ; 2.549.247,00 ; 4.471.214,00 ; 5.442.249,00 ; 10.703.599,00 ; 4.438.522,00 ; 9.226.840,00 ; 5.421.763,00 ; 12.467.340,00 ; 4.656.474,00 ; 12.314.487,00 ; 4.408.133,00 ; 12.406.498,00 ; 5.011.051,00 ; 13.191.073,00 ; 5.225.372,00 ; 13.988.909,00 ; 3.047.860,00 ; 8.596.328,00 ; 3.344.190,00 ; 9.649.346,00 ; 4.151.101,00 ; 12.084.110,00 ; 5.182.827,00 ; 15.007.625,00 ; 5.936.299,00 ; 19.063.151,00 ; 6.805.601,00 ; 23.945.522,00 ; 6.213.781,00 ; 23.826.443,00 ; 5.884.719,00 ; 23.688.318,00 ; 7.801.759,00 ; 29.299.792,00 ; 8.556.375,00 ; 35.247.223,00 ; 9.714.940,00 ; 36.190.898,00 ; 9.299.080,00 ; 35.729.522,00 ; 9.735.153,00 ; 37.071.142,00 ; 9.952.290,00 ; 32.547.365,00 ; 10.821.232,00 ; 29.495.190,00 ; 17.345.709,00 ; 45.032.247,00 ; 17.698.831,00 ; 53.237.413,00 ; 18.228.699,00 ; 51.444.189,00 ; 23.627.260,00 ; 66.353.572,00 ; 25.925.363,00 ; 75.668.823,00 ; 24.108.787,00 ; 64.795.326,00 ; 25.099.409,00 ; 71.970.948,00 ; 27.460.645,00 ; 81.087.293,00 
53;Reino Unido; -   ; -   ; -   ; -   ; -   ; -   ; -   ; -   ; -   ; -   ; -   ; -   ; -   ; -   ; -   ; -   ; -   ; -   ; -   ; -   ; -   ; -   ; -   ; -   ; -   ; -   ; -   ; -   ; -   ; -   ; -   ; -   ; -   ; -   ; -   ; -   ; -   ; -   ; -   ; -   ; -   ; -   ; -   ; -   ; -   ; -   ; -   ; -   ; -   ; -   ; -   ; -   ; -   ; -   ; -   ; -   ; -   ; -   ; -   ; -   ; -   ; -   ; -   ; -   ; -   ; -   ; -   ; -   ; -   ; -   ; -   ; -   ; 14.909,00 ; 56.268,00 ; 7.056,00 ; 67.728,00 ; 315,00 ; 10.257,00 ; 10.236,00 ; 53.375,00 ; 621,00 ; 22.292,00 ; 270,00 ; 6.021,00 ; 406,00 ; 26.466,00 ; 127,00 ; 2.789,00 ; 315,00 ; 9.410,00 ; 90,00 ; 1.352,00 ; 5,00 ; 255,00 ; 16,00 ; 1.033,00 ; 4.126,00 ; 51.034,00 ; 4.819,00 ; 46.623,00 ; 2.586,00 ; 22.935,00 ; 1.164,00 ; 9.357,00 ; 1.655,00 ; 19.595,00 ; 1.808,00 ; 32.757,00 ; 680,00 ; 13.781,00 
54;Republica Dominicana; -   ; -   ; -   ; -   ; -   ; -   ; -   ; -   ; -   ; -   ; -   ; -   ; -   ; -   ; -   ; -   ; -   ; -   ; -   ; -   ; -   ; -   ; -   ; -   ; -   ; -   ; -   ; -   ; -   ; -   ; -   ; -   ; -   ; -   ; -   ; -   ; -   ; -   ; -   ; -   ; -   ; -   ; -   ; -   ; -   ; -   ; -   ; -   ; -   ; -   ; -   ; -   ; -   ; -   ; -   ; -   ; -   ; -   ; -   ; -   ; -   ; -   ; -   ; -   ; -   ; -   ; -   ; -   ; -   ; -   ; -   ; -   ; -   ; -   ; -   ; -   ; -   ; -   ; -   ; -   ; -   ; -   ; -   ; -   ; -   ; -   ; -   ; -   ; -   ; -   ; -   ; -   ; -   ; 43,00 ; -   ; -   ; 2,00 ; 13,00 ; -   ; -   ; -   ; -   ; -   ; -   ; -   ; -   ; -   ; -   ; -   ; -   
55;Romênia; -   ; -   ; -   ; -   ; -   ; -   ; -   ; -   ; -   ; -   ; -   ; -   ; -   ; -   ; -   ; -   ; -   ; -   ; -   ; -   ; -   ; -   ; -   ; -   ; -   ; -   ; -   ; -   ; -   ; -   ; -   ; -   ; -   ; -   ; -   ; -   ; -   ; -   ; -   ; -   ; -   ; -   ; -   ; -   ; -   ; -   ; -   ; -   ; -   ; -   ; -   ; -   ; -   ; -   ; -   ; -   ; -   ; -   ; -   ; -   ; -   ; -   ; -   ; -   ; -   ; -   ; -   ; -   ; -   ; -   ; -   ; -   ; -   ; -   ; -   ; -   ; -   ; -   ; -   ; -   ; -   ; -   ; -   ; -   ; 33.750,00 ; 85.321,00 ; -   ; -   ; 4.163,00 ; 5.629,00 ; 5.950,00 ; 7.925,00 ; -   ; -   ; 18.509,00 ; 52.150,00 ; 13.719,00 ; 9.695,00 ; 5.196,00 ; 6.706,00 ; 30.635,00 ; 70.269,00 ; 33.770,00 ; 99.562,00 ; 47.715,00 ; 99.616,00 ; 36.775,00 ; 98.835,00 ; 24.660,00 ; 55.142,00 
56;Rússia; -   ; -   ; -   ; -   ; -   ; -   ; -   ; -   ; -   ; -   ; -   ; -   ; -   ; -   ; -   ; -   ; -   ; -   ; -   ; -   ; -   ; -   ; -   ; -   ; -   ; -   ; -   ; -   ; -   ; -   ; -   ; -   ; -   ; -   ; -   ; -   ; -   ; -   ; -   ; -   ; -   ; -   ; -   ; -   ; -   ; -   ; -   ; -   ; -   ; -   ; -   ; -   ; -   ; -   ; -   ; -   ; -   ; -   ; -   ; -   ; -   ; -   ; -   ; -   ; -   ; -   ; -   ; -   ; -   ; -   ; -   ; -   ; -   ; -   ; -   ; -   ; -   ; -   ; -   ; -   ; -   ; -   ; -   ; -   ; -   ; -   ; -   ; -   ; -   ; -   ; -   ; -   ; -   ; 43,00 ; -   ; -   ; 17.483,00 ; 66.160,00 ; -   ; -   ; -   ; -   ; 32.179,00 ; 64.905,00 ; -   ; -   ; -   ; -   ; -   ; -   
57;San Marino; -   ; -   ; -   ; -   ; -   ; -   ; -   ; -   ; -   ; -   ; -   ; -   ; -   ; -   ; -   ; -   ; -   ; -   ; -   ; -   ; -   ; -   ; -   ; -   ; -   ; -   ; -   ; -   ; -   ; -   ; -   ; -   ; -   ; -   ; -   ; -   ; -   ; -   ; -   ; -   ; -   ; -   ; -   ; -   ; -   ; -   ; -   ; -   ; -   ; -   ; -   ; -   ; -   ; -   ; -   ; -   ; -   ; -   ; -   ; -   ; -   ; -   ; -   ; -   ; -   ; -   ; -   ; -   ; -   ; -   ; -   ; -   ; -   ; -   ; -   ; -   ; -   ; -   ; -   ; -   ; -   ; -   ; -   ; -   ; -   ; -   ; -   ; -   ; -   ; -   ; -   ; -   ; -   ; -   ; -   ; -   ; -   ; -   ; -   ; -   ; -   ; -   ; 1.095,00 ; 2.237,00 ; -   ; -   ; -   ; -   ; -   ; -   
58;Sérvia; -   ; -   ; -   ; -   ; -   ; -   ; -   ; -   ; -   ; -   ; -   ; -   ; -   ; -   ; -   ; -   ; -   ; -   ; -   ; -   ; -   ; -   ; -   ; -   ; -   ; -   ; -   ; -   ; -   ; -   ; -   ; -   ; -   ; -   ; -   ; -   ; -   ; -   ; -   ; -   ; -   ; -   ; -   ; -   ; -   ; -   ; -   ; -   ; -   ; -   ; -   ; -   ; -   ; -   ; -   ; -   ; -   ; -   ; -   ; -   ; -   ; -   ; -   ; -   ; -   ; -   ; -   ; -   ; -   ; -   ; -   ; -   ; -   ; -   ; -   ; -   ; -   ; -   ; -   ; -   ; -   ; -   ; -   ; -   ; -   ; -   ; -   ; -   ; -   ; -   ; -   ; -   ; -   ; -   ; -   ; -   ; -   ; -   ; -   ; -   ; -   ; -   ; 3.471,00 ; 8.302,00 ; -   ; -   ; -   ; -   ; 2.445,00 ; 4.140,00 
59;Síria; -   ; -   ; -   ; -   ; -   ; -   ; -   ; -   ; -   ; -   ; -   ; -   ; -   ; -   ; -   ; -   ; -   ; -   ; -   ; -   ; -   ; -   ; -   ; -   ; -   ; -   ; -   ; -   ; -   ; -   ; -   ; -   ; -   ; -   ; -   ; -   ; -   ; -   ; -   ; -   ; -   ; -   ; -   ; -   ; -   ; -   ; -   ; -   ; -   ; -   ; -   ; -   ; -   ; -   ; -   ; -   ; -   ; -   ; -   ; -   ; -   ; -   ; -   ; -   ; -   ; -   ; -   ; -   ; -   ; -   ; -   ; -   ; -   ; -   ; -   ; -   ; -   ; -   ; -   ; -   ; -   ; -   ; -   ; -   ; -   ; -   ; -   ; -   ; -   ; -   ; -   ; -   ; -   ; -   ; 398,00 ; 269,00 ; -   ; -   ; 641,00 ; 409,00 ; -   ; -   ; 484,00 ; 1.280,00 ; 1.094,00 ; 5.187,00 ; -   ; -   ; -   ; -   
60;Suazilândia; -   ; -   ; -   ; -   ; -   ; -   ; -   ; -   ; -   ; -   ; -   ; -   ; -   ; -   ; -   ; -   ; -   ; -   ; -   ; -   ; -   ; -   ; -   ; -   ; -   ; -   ; -   ; -   ; -   ; -   ; -   ; -   ; -   ; -   ; -   ; -   ; -   ; -   ; -   ; -   ; -   ; -   ; -   ; -   ; -   ; -   ; -   ; -   ; -   ; -   ; -   ; -   ; -   ; -   ; -   ; -   ; -   ; -   ; -   ; -   ; -   ; -   ; -   ; -   ; -   ; -   ; -   ; -   ; -   ; -   ; -   ; -   ; -   ; -   ; -   ; -   ; -   ; -   ; -   ; -   ; -   ; -   ; -   ; -   ; -   ; -   ; -   ; -   ; -   ; -   ; -   ; -   ; -   ; -   ; -   ; -   ; -   ; -   ; -   ; -   ; -   ; -   ; -   ; -   ; -   ; -   ; 320,00 ; 6.968,00 ; -   ; -   
61;Suíça; -   ; -   ; -   ; -   ; -   ; -   ; -   ; -   ; -   ; -   ; -   ; -   ; -   ; -   ; -   ; -   ; -   ; -   ; -   ; -   ; -   ; -   ; -   ; -   ; -   ; -   ; -   ; -   ; -   ; -   ; -   ; -   ; -   ; -   ; -   ; -   ; -   ; -   ; -   ; -   ; -   ; -   ; -   ; -   ; -   ; -   ; -   ; -   ; -   ; -   ; -   ; -   ; -   ; -   ; -   ; -   ; -   ; -   ; -   ; -   ; -   ; -   ; -   ; -   ; -   ; -   ; 1.900,00 ; 3.522,00 ; 4.658,00 ; 5.917,00 ; 3.841,00 ; 9.430,00 ; 4.222,00 ; 6.018,00 ; -   ; -   ; 1.194,00 ; 5.359,00 ; 4.860,00 ; 13.129,00 ; 2.483,00 ; 8.010,00 ; -   ; -   ; -   ; -   ; -   ; -   ; -   ; -   ; 1.125,00 ; 6.284,00 ; 6,00 ; 245,00 ; 138,00 ; 2.873,00 ; 559,00 ; 7.647,00 ; 4.510,00 ; 63.619,00 ; 735,00 ; 5.848,00 ; 7,00 ; 157,00 ; -   ; -   ; 2.109,00 ; 101.111,00 ; 541,00 ; 3.939,00 
62;Tcheca, República; -   ; -   ; -   ; -   ; -   ; -   ; -   ; -   ; -   ; -   ; -   ; -   ; -   ; -   ; -   ; -   ; -   ; -   ; -   ; -   ; -   ; -   ; -   ; -   ; -   ; -   ; -   ; -   ; -   ; -   ; -   ; -   ; -   ; -   ; -   ; -   ; -   ; -   ; -   ; -   ; -   ; -   ; -   ; -   ; -   ; -   ; -   ; -   ; -   ; -   ; -   ; -   ; -   ; -   ; -   ; -   ; -   ; -   ; -   ; -   ; -   ; -   ; -   ; -   ; -   ; -   ; -   ; -   ; -   ; -   ; -   ; -   ; -   ; -   ; -   ; -   ; -   ; -   ; -   ; -   ; -   ; -   ; -   ; -   ; -   ; -   ; -   ; -   ; -   ; -   ; -   ; -   ; -   ; -   ; -   ; -   ; -   ; -   ; -   ; -   ; -   ; -   ; 225,00 ; 5.528,00 ; 4.950,00 ; 12.044,00 ; -   ; -   ; -   ; -   
63;Tunísia; -   ; -   ; -   ; -   ; -   ; -   ; -   ; -   ; -   ; -   ; -   ; -   ; -   ; -   ; -   ; -   ; -   ; -   ; -   ; -   ; -   ; -   ; -   ; -   ; -   ; -   ; -   ; -   ; -   ; -   ; -   ; -   ; -   ; -   ; -   ; -   ; -   ; -   ; -   ; -   ; -   ; -   ; -   ; -   ; -   ; -   ; -   ; -   ; -   ; -   ; -   ; -   ; -   ; -   ; -   ; -   ; -   ; -   ; -   ; -   ; -   ; -   ; -   ; -   ; -   ; -   ; -   ; -   ; -   ; -   ; -   ; -   ; -   ; -   ; -   ; -   ; -   ; -   ; -   ; -   ; -   ; -   ; 16.420,00 ; 37.492,00 ; 19.913,00 ; 42.918,00 ; 8.000,00 ; 20.892,00 ; -   ; -   ; -   ; -   ; -   ; -   ; -   ; -   ; -   ; -   ; -   ; -   ; -   ; -   ; -   ; -   ; -   ; -   ; -   ; -   ; -   ; -   
64;Turquia; -   ; -   ; -   ; -   ; -   ; -   ; -   ; -   ; -   ; -   ; -   ; -   ; -   ; -   ; -   ; -   ; -   ; -   ; -   ; -   ; -   ; -   ; -   ; -   ; -   ; -   ; -   ; -   ; -   ; -   ; -   ; -   ; -   ; -   ; -   ; -   ; -   ; -   ; -   ; -   ; -   ; -   ; -   ; -   ; -   ; -   ; -   ; -   ; -   ; -   ; -   ; -   ; -   ; -   ; -   ; -   ; -   ; -   ; -   ; -   ; -   ; -   ; -   ; -   ; -   ; -   ; -   ; -   ; -   ; -   ; -   ; -   ; -   ; -   ; -   ; -   ; -   ; -   ; -   ; -   ; -   ; -   ; -   ; -   ; -   ; -   ; -   ; -   ; -   ; -   ; 32.247,00 ; 109.741,00 ; -   ; -   ; -   ; -   ; 1.591,00 ; 1.245,00 ; -   ; -   ; 17.563,00 ; 55.039,00 ; -   ; -   ; 22.087,00 ; 38.817,00 ; -   ; -   ; 3.203,00 ; 4.997,00 
65;Ucrânia; -   ; -   ; -   ; -   ; -   ; -   ; -   ; -   ; -   ; -   ; -   ; -   ; -   ; -   ; -   ; -   ; -   ; -   ; -   ; -   ; -   ; -   ; -   ; -   ; -   ; -   ; -   ; -   ; -   ; -   ; -   ; -   ; -   ; -   ; -   ; -   ; -   ; -   ; -   ; -   ; -   ; -   ; -   ; -   ; -   ; -   ; -   ; -   ; -   ; -   ; -   ; -   ; -   ; -   ; -   ; -   ; -   ; -   ; -   ; -   ; -   ; -   ; -   ; -   ; -   ; -   ; -   ; -   ; -   ; -   ; -   ; -   ; -   ; -   ; -   ; -   ; -   ; -   ; -   ; -   ; -   ; -   ; -   ; -   ; -   ; -   ; -   ; -   ; -   ; -   ; -   ; -   ; 5.319,00 ; 9.679,00 ; 865,00 ; 931,00 ; -   ; -   ; 4.646,00 ; 3.074,00 ; -   ; -   ; -   ; -   ; -   ; -   ; -   ; -   ; -   ; -   
66;Uruguai; 5.767,00 ; 1.871,00 ; 1.917,00 ; 636,00 ; 7.394,00 ; 2.741,00 ; -   ; -   ; -   ; -   ; -   ; -   ; -   ; -   ; 24.191,00 ; 33.975,00 ; 32.371,00 ; 33.900,00 ; 13.320,00 ; 22.900,00 ; 8.880,00 ; 16.800,00 ; -   ; -   ; -   ; -   ; -   ; -   ; -   ; -   ; -   ; -   ; -   ; -   ; -   ; -   ; -   ; -   ; -   ; -   ; -   ; -   ; -   ; -   ; 11.247,00 ; 21.795,00 ; 33.040,00 ; 69.221,00 ; 35.219,00 ; 72.528,00 ; 33.150,00 ; 73.695,00 ; 72.000,00 ; 164.299,00 ; 89.117,00 ; 209.952,00 ; 277.989,00 ; 525.654,00 ; 1.712.036,00 ; 2.756.398,00 ; 1.961.733,00 ; 3.616.134,00 ; 1.668.697,00 ; 3.122.694,00 ; 1.247.891,00 ; 2.082.552,00 ; 1.096.094,00 ; 1.630.471,00 ; 660.522,00 ; 1.089.054,00 ; 512.973,00 ; 924.066,00 ; 715.474,00 ; 1.439.538,00 ; 2.387.225,00 ; 3.131.899,00 ; 920.389,00 ; 2.089.539,00 ; 750.343,00 ; 1.953.390,00 ; 1.219.387,00 ; 3.175.051,00 ; 1.264.306,00 ; 3.481.552,00 ; 1.323.884,00 ; 3.735.892,00 ; 1.372.329,00 ; 3.740.613,00 ; 1.237.537,00 ; 3.782.282,00 ; 1.399.547,00 ; 4.069.100,00 ; 2.215.692,00 ; 5.099.162,00 ; 5.009.098,00 ; 7.751.966,00 ; 2.836.574,00 ; 8.467.846,00 ; 2.778.244,00 ; 7.938.059,00 ; 4.079.076,00 ; 10.146.829,00 ; 3.788.831,00 ; 10.063.341,00 ; 3.394.161,00 ; 9.867.675,00 ; 2.905.567,00 ; 9.276.001,00 ; 3.015.429,00 ; 9.827.906,00 
67;Não consta na tabela; -   ; -   ; -   ; -   ; -   ; -   ; -   ; -   ; -   ; -   ; -   ; -   ; -   ; -   ; -   ; -   ; -   ; -   ; -   ; -   ; -   ; -   ; -   ; -   ; -   ; -   ; -   ; -   ; -   ; -   ; -   ; -   ; -   ; -   ; -   ; -   ; -   ; -   ; -   ; -   ; -   ; -   ; -   ; -   ; -   ; -   ; -   ; -   ; -   ; -   ; -   ; -   ; 63.755,00 ; 148.879,00 ; -   ; -   ; -   ; -   ; -   ; -   ; -   ; -   ; -   ; -   ; -   ; -   ; -   ; -   ; -   ; -   ; -   ; -   ; -   ; -   ; -   ; -   ; -   ; -   ; -   ; -   ; -   ; -   ; -   ; -   ; -   ; -   ; -   ; -   ; -   ; -   ; -   ; -   ; -   ; -   ; -   ; -   ; -   ; -   ; -   ; -   ; -   ; -   ; -   ; -   ; -   ; -   ; -   ; -   ; -   ; -   
68;Não declarados; -   ; -   ; -   ; -   ; -   ; -   ; -   ; -   ; -   ; -   ; -   ; -   ; -   ; -   ; -   ; -   ; -   ; -   ; -   ; -   ; -   ; -   ; -   ; -   ; -   ; -   ; -   ; -   ; -   ; -   ; -   ; -   ; -   ; -   ; -   ; -   ; -   ; -   ; -   ; -   ; -   ; -   ; -   ; -   ; -   ; -   ; -   ; -   ; -   ; -   ; -   ; -   ; 21.185,00 ; 26.664,00 ; -   ; -   ; -   ; -   ; -   ; -   ; -   ; -   ; -   ; -   ; -   ; -   ; -   ; -   ; -   ; -   ; -   ; -   ; -   ; -   ; -   ; -   ; -   ; -   ; -   ; -   ; -   ; -   ; -   ; -   ; -   ; -   ; -   ; -   ; -   ; -   ; -   ; -   ; -   ; -   ; -   ; -   ; -   ; -   ; -   ; -   ; -   ; -   ; -   ; -   ; -   ; -   ; -   ; -   ; -   ; -   
69;Outros; 5.508,00 ; 4.255,00 ; 77.789,00 ; 42.028,00 ; 79.052,00 ; 25.032,00 ; 4.306,00 ; 5.775,00 ; 21.501,00 ; 28.163,00 ; 18.132,00 ; 13.989,00 ; 10.200,00 ; 7.884,00 ; 450,00 ; 642,00 ; 1.347,00 ; 1.210,00 ; 2.411,00 ; 2.614,00 ; 10.446,00 ; 10.543,00 ; 17.133,00 ; 17.869,00 ; 22.104,00 ; 30.505,00 ; 6.738,00 ; 5.862,00 ; 26.490,00 ; 34.499,00 ; 5.400,00 ; 12.812,00 ; 15.717,00 ; 18.768,00 ; 28,00 ; 40,00 ; 435,00 ; 450,00 ; 10.788,00 ; 21.458,00 ; 65.835,00 ; 145.083,00 ; 97.662,00 ; 161.151,00 ; 24.465,00 ; 59.352,00 ; 146.730,00 ; 412.893,00 ; 174.758,00 ; 289.230,00 ; 200.336,00 ; 393.140,00 ; 127.039,00 ; 295.772,00 ; 186.470,00 ; 548.733,00 ; 187.919,00 ; 480.461,00 ; 49.646,00 ; 230.829,00 ; 73.451,00 ; 295.205,00 ; 47.256,00 ; 201.927,00 ; 64.069,00 ; 256.700,00 ; -   ; -   ; -   ; -   ; 13.970,00 ; 63.967,00 ; -   ; -   ; -   ; -   ; -   ; -   ; -   ; -   ; -   ; -   ; -   ; -   ; -   ; -   ; -   ; -   ; -   ; -   ; -   ; -   ; -   ; -   ; -   ; -   ; -   ; -   ; -   ; -   ; -   ; -   ; -   ; -   ; -   ; -   ; -   ; -   ; -   ; -   
